LOCATION;INDICATOR;SUBJECT;MEASURE;FREQUENCY;TIME;Value;Flag Codes
USA;STINT;TOT;PC_PA;M;1964-06;3.86;
USA;STINT;TOT;PC_PA;M;1964-07;3.87;
USA;STINT;TOT;PC_PA;M;1964-08;3.85;
USA;STINT;TOT;PC_PA;M;1964-09;3.87;
USA;STINT;TOT;PC_PA;M;1964-10;3.94;
USA;STINT;TOT;PC_PA;M;1964-11;3.99;
USA;STINT;TOT;PC_PA;M;1964-12;4.14;
USA;STINT;TOT;PC_PA;M;1965-01;4.13;
USA;STINT;TOT;PC_PA;M;1965-02;4.19;
USA;STINT;TOT;PC_PA;M;1965-03;4.27;
USA;STINT;TOT;PC_PA;M;1965-04;4.28;
USA;STINT;TOT;PC_PA;M;1965-05;4.32;
USA;STINT;TOT;PC_PA;M;1965-06;4.31;
USA;STINT;TOT;PC_PA;M;1965-07;4.29;
USA;STINT;TOT;PC_PA;M;1965-08;4.3;
USA;STINT;TOT;PC_PA;M;1965-09;4.34;
USA;STINT;TOT;PC_PA;M;1965-10;4.46;
USA;STINT;TOT;PC_PA;M;1965-11;4.49;
USA;STINT;TOT;PC_PA;M;1965-12;4.75;
USA;STINT;TOT;PC_PA;M;1966-01;4.95;
USA;STINT;TOT;PC_PA;M;1966-02;5.05;
USA;STINT;TOT;PC_PA;M;1966-03;5.19;
USA;STINT;TOT;PC_PA;M;1966-04;5.26;
USA;STINT;TOT;PC_PA;M;1966-05;5.38;
USA;STINT;TOT;PC_PA;M;1966-06;5.5;
USA;STINT;TOT;PC_PA;M;1966-07;5.62;
USA;STINT;TOT;PC_PA;M;1966-08;5.72;
USA;STINT;TOT;PC_PA;M;1966-09;5.86;
USA;STINT;TOT;PC_PA;M;1966-10;5.83;
USA;STINT;TOT;PC_PA;M;1966-11;5.79;
USA;STINT;TOT;PC_PA;M;1966-12;5.65;
USA;STINT;TOT;PC_PA;M;1967-01;5.4;
USA;STINT;TOT;PC_PA;M;1967-02;5.18;
USA;STINT;TOT;PC_PA;M;1967-03;5.01;
USA;STINT;TOT;PC_PA;M;1967-04;4.43;
USA;STINT;TOT;PC_PA;M;1967-05;4.49;
USA;STINT;TOT;PC_PA;M;1967-06;4.66;
USA;STINT;TOT;PC_PA;M;1967-07;5;
USA;STINT;TOT;PC_PA;M;1967-08;4.93;
USA;STINT;TOT;PC_PA;M;1967-09;4.91;
USA;STINT;TOT;PC_PA;M;1967-10;5.22;
USA;STINT;TOT;PC_PA;M;1967-11;5.4;
USA;STINT;TOT;PC_PA;M;1967-12;5.62;
USA;STINT;TOT;PC_PA;M;1968-01;5.48;
USA;STINT;TOT;PC_PA;M;1968-02;5.33;
USA;STINT;TOT;PC_PA;M;1968-03;5.58;
USA;STINT;TOT;PC_PA;M;1968-04;5.78;
USA;STINT;TOT;PC_PA;M;1968-05;6.14;
USA;STINT;TOT;PC_PA;M;1968-06;6.12;
USA;STINT;TOT;PC_PA;M;1968-07;6.03;
USA;STINT;TOT;PC_PA;M;1968-08;5.85;
USA;STINT;TOT;PC_PA;M;1968-09;5.78;
USA;STINT;TOT;PC_PA;M;1968-10;5.9;
USA;STINT;TOT;PC_PA;M;1968-11;6.05;
USA;STINT;TOT;PC_PA;M;1968-12;6.27;
USA;STINT;TOT;PC_PA;M;1969-01;6.5;
USA;STINT;TOT;PC_PA;M;1969-02;6.52;
USA;STINT;TOT;PC_PA;M;1969-03;6.65;
USA;STINT;TOT;PC_PA;M;1969-04;6.84;
USA;STINT;TOT;PC_PA;M;1969-05;7.28;
USA;STINT;TOT;PC_PA;M;1969-06;8.01;
USA;STINT;TOT;PC_PA;M;1969-07;8.69;
USA;STINT;TOT;PC_PA;M;1969-08;8.38;
USA;STINT;TOT;PC_PA;M;1969-09;8.47;
USA;STINT;TOT;PC_PA;M;1969-10;8.56;
USA;STINT;TOT;PC_PA;M;1969-11;8.46;
USA;STINT;TOT;PC_PA;M;1969-12;8.77;
USA;STINT;TOT;PC_PA;M;1970-01;8.91;
USA;STINT;TOT;PC_PA;M;1970-02;8.58;
USA;STINT;TOT;PC_PA;M;1970-03;8.08;
USA;STINT;TOT;PC_PA;M;1970-04;7.51;
USA;STINT;TOT;PC_PA;M;1970-05;8.08;
USA;STINT;TOT;PC_PA;M;1970-06;8.07;
USA;STINT;TOT;PC_PA;M;1970-07;8.01;
USA;STINT;TOT;PC_PA;M;1970-08;7.72;
USA;STINT;TOT;PC_PA;M;1970-09;7.3;
USA;STINT;TOT;PC_PA;M;1970-10;6.76;
USA;STINT;TOT;PC_PA;M;1970-11;6.08;
USA;STINT;TOT;PC_PA;M;1970-12;5.67;
USA;STINT;TOT;PC_PA;M;1971-01;5.09;
USA;STINT;TOT;PC_PA;M;1971-02;4.38;
USA;STINT;TOT;PC_PA;M;1971-03;3.85;
USA;STINT;TOT;PC_PA;M;1971-04;4.45;
USA;STINT;TOT;PC_PA;M;1971-05;4.98;
USA;STINT;TOT;PC_PA;M;1971-06;5.4;
USA;STINT;TOT;PC_PA;M;1971-07;5.75;
USA;STINT;TOT;PC_PA;M;1971-08;5.74;
USA;STINT;TOT;PC_PA;M;1971-09;5.63;
USA;STINT;TOT;PC_PA;M;1971-10;5.27;
USA;STINT;TOT;PC_PA;M;1971-11;4.87;
USA;STINT;TOT;PC_PA;M;1971-12;4.65;
USA;STINT;TOT;PC_PA;M;1972-01;3.95;
USA;STINT;TOT;PC_PA;M;1972-02;3.61;
USA;STINT;TOT;PC_PA;M;1972-03;4.08;
USA;STINT;TOT;PC_PA;M;1972-04;4.6;
USA;STINT;TOT;PC_PA;M;1972-05;4.41;
USA;STINT;TOT;PC_PA;M;1972-06;4.64;
USA;STINT;TOT;PC_PA;M;1972-07;4.82;
USA;STINT;TOT;PC_PA;M;1972-08;4.85;
USA;STINT;TOT;PC_PA;M;1972-09;5.13;
USA;STINT;TOT;PC_PA;M;1972-10;5.25;
USA;STINT;TOT;PC_PA;M;1972-11;5.22;
USA;STINT;TOT;PC_PA;M;1972-12;5.43;
USA;STINT;TOT;PC_PA;M;1973-01;5.81;
USA;STINT;TOT;PC_PA;M;1973-02;6.34;
USA;STINT;TOT;PC_PA;M;1973-03;7.05;
USA;STINT;TOT;PC_PA;M;1973-04;7.31;
USA;STINT;TOT;PC_PA;M;1973-05;7.55;
USA;STINT;TOT;PC_PA;M;1973-06;8.16;
USA;STINT;TOT;PC_PA;M;1973-07;9.7;
USA;STINT;TOT;PC_PA;M;1973-08;10.77;
USA;STINT;TOT;PC_PA;M;1973-09;10.59;
USA;STINT;TOT;PC_PA;M;1973-10;9.2;
USA;STINT;TOT;PC_PA;M;1973-11;9.24;
USA;STINT;TOT;PC_PA;M;1973-12;9.27;
USA;STINT;TOT;PC_PA;M;1974-01;9;
USA;STINT;TOT;PC_PA;M;1974-02;8.08;
USA;STINT;TOT;PC_PA;M;1974-03;8.84;
USA;STINT;TOT;PC_PA;M;1974-04;10.25;
USA;STINT;TOT;PC_PA;M;1974-05;11.2;
USA;STINT;TOT;PC_PA;M;1974-06;11.38;
USA;STINT;TOT;PC_PA;M;1974-07;12.25;
USA;STINT;TOT;PC_PA;M;1974-08;12.23;
USA;STINT;TOT;PC_PA;M;1974-09;11.6;
USA;STINT;TOT;PC_PA;M;1974-10;9.78;
USA;STINT;TOT;PC_PA;M;1974-11;9.09;
USA;STINT;TOT;PC_PA;M;1974-12;9.23;
USA;STINT;TOT;PC_PA;M;1975-01;7.48;
USA;STINT;TOT;PC_PA;M;1975-02;6.41;
USA;STINT;TOT;PC_PA;M;1975-03;6.18;
USA;STINT;TOT;PC_PA;M;1975-04;6.26;
USA;STINT;TOT;PC_PA;M;1975-05;5.79;
USA;STINT;TOT;PC_PA;M;1975-06;5.82;
USA;STINT;TOT;PC_PA;M;1975-07;6.55;
USA;STINT;TOT;PC_PA;M;1975-08;6.87;
USA;STINT;TOT;PC_PA;M;1975-09;7.03;
USA;STINT;TOT;PC_PA;M;1975-10;6.56;
USA;STINT;TOT;PC_PA;M;1975-11;6.26;
USA;STINT;TOT;PC_PA;M;1975-12;6.03;
USA;STINT;TOT;PC_PA;M;1976-01;5.14;
USA;STINT;TOT;PC_PA;M;1976-02;5.18;
USA;STINT;TOT;PC_PA;M;1976-03;5.34;
USA;STINT;TOT;PC_PA;M;1976-04;5.12;
USA;STINT;TOT;PC_PA;M;1976-05;5.56;
USA;STINT;TOT;PC_PA;M;1976-06;5.84;
USA;STINT;TOT;PC_PA;M;1976-07;5.52;
USA;STINT;TOT;PC_PA;M;1976-08;5.39;
USA;STINT;TOT;PC_PA;M;1976-09;5.33;
USA;STINT;TOT;PC_PA;M;1976-10;5.12;
USA;STINT;TOT;PC_PA;M;1976-11;5.01;
USA;STINT;TOT;PC_PA;M;1976-12;4.67;
USA;STINT;TOT;PC_PA;M;1977-01;4.83;
USA;STINT;TOT;PC_PA;M;1977-02;4.83;
USA;STINT;TOT;PC_PA;M;1977-03;4.84;
USA;STINT;TOT;PC_PA;M;1977-04;4.8;
USA;STINT;TOT;PC_PA;M;1977-05;5.36;
USA;STINT;TOT;PC_PA;M;1977-06;5.42;
USA;STINT;TOT;PC_PA;M;1977-07;5.46;
USA;STINT;TOT;PC_PA;M;1977-08;5.9;
USA;STINT;TOT;PC_PA;M;1977-09;6.19;
USA;STINT;TOT;PC_PA;M;1977-10;6.67;
USA;STINT;TOT;PC_PA;M;1977-11;6.68;
USA;STINT;TOT;PC_PA;M;1977-12;6.71;
USA;STINT;TOT;PC_PA;M;1978-01;6.94;
USA;STINT;TOT;PC_PA;M;1978-02;6.9;
USA;STINT;TOT;PC_PA;M;1978-03;6.86;
USA;STINT;TOT;PC_PA;M;1978-04;7.03;
USA;STINT;TOT;PC_PA;M;1978-05;7.4;
USA;STINT;TOT;PC_PA;M;1978-06;7.83;
USA;STINT;TOT;PC_PA;M;1978-07;8.12;
USA;STINT;TOT;PC_PA;M;1978-08;8.06;
USA;STINT;TOT;PC_PA;M;1978-09;8.64;
USA;STINT;TOT;PC_PA;M;1978-10;9.44;
USA;STINT;TOT;PC_PA;M;1978-11;10.72;
USA;STINT;TOT;PC_PA;M;1978-12;10.72;
USA;STINT;TOT;PC_PA;M;1979-01;10.51;
USA;STINT;TOT;PC_PA;M;1979-02;10.19;
USA;STINT;TOT;PC_PA;M;1979-03;10.13;
USA;STINT;TOT;PC_PA;M;1979-04;10.06;
USA;STINT;TOT;PC_PA;M;1979-05;10.16;
USA;STINT;TOT;PC_PA;M;1979-06;9.95;
USA;STINT;TOT;PC_PA;M;1979-07;10.11;
USA;STINT;TOT;PC_PA;M;1979-08;10.71;
USA;STINT;TOT;PC_PA;M;1979-09;11.89;
USA;STINT;TOT;PC_PA;M;1979-10;13.66;
USA;STINT;TOT;PC_PA;M;1979-11;13.9;
USA;STINT;TOT;PC_PA;M;1979-12;13.43;
USA;STINT;TOT;PC_PA;M;1980-01;13.39;
USA;STINT;TOT;PC_PA;M;1980-02;14.3;
USA;STINT;TOT;PC_PA;M;1980-03;17.57;
USA;STINT;TOT;PC_PA;M;1980-04;16.14;
USA;STINT;TOT;PC_PA;M;1980-05;9.79;
USA;STINT;TOT;PC_PA;M;1980-06;8.49;
USA;STINT;TOT;PC_PA;M;1980-07;8.65;
USA;STINT;TOT;PC_PA;M;1980-08;9.91;
USA;STINT;TOT;PC_PA;M;1980-09;11.29;
USA;STINT;TOT;PC_PA;M;1980-10;12.94;
USA;STINT;TOT;PC_PA;M;1980-11;15.68;
USA;STINT;TOT;PC_PA;M;1980-12;18.65;
USA;STINT;TOT;PC_PA;M;1981-01;17.19;
USA;STINT;TOT;PC_PA;M;1981-02;16.14;
USA;STINT;TOT;PC_PA;M;1981-03;14.43;
USA;STINT;TOT;PC_PA;M;1981-04;15.08;
USA;STINT;TOT;PC_PA;M;1981-05;18.27;
USA;STINT;TOT;PC_PA;M;1981-06;16.9;
USA;STINT;TOT;PC_PA;M;1981-07;17.76;
USA;STINT;TOT;PC_PA;M;1981-08;17.96;
USA;STINT;TOT;PC_PA;M;1981-09;16.84;
USA;STINT;TOT;PC_PA;M;1981-10;15.39;
USA;STINT;TOT;PC_PA;M;1981-11;12.48;
USA;STINT;TOT;PC_PA;M;1981-12;12.49;
USA;STINT;TOT;PC_PA;M;1982-01;13.51;
USA;STINT;TOT;PC_PA;M;1982-02;15;
USA;STINT;TOT;PC_PA;M;1982-03;14.21;
USA;STINT;TOT;PC_PA;M;1982-04;14.44;
USA;STINT;TOT;PC_PA;M;1982-05;13.8;
USA;STINT;TOT;PC_PA;M;1982-06;14.46;
USA;STINT;TOT;PC_PA;M;1982-07;13.44;
USA;STINT;TOT;PC_PA;M;1982-08;10.61;
USA;STINT;TOT;PC_PA;M;1982-09;10.66;
USA;STINT;TOT;PC_PA;M;1982-10;9.51;
USA;STINT;TOT;PC_PA;M;1982-11;8.95;
USA;STINT;TOT;PC_PA;M;1982-12;8.66;
USA;STINT;TOT;PC_PA;M;1983-01;8.36;
USA;STINT;TOT;PC_PA;M;1983-02;8.54;
USA;STINT;TOT;PC_PA;M;1983-03;8.69;
USA;STINT;TOT;PC_PA;M;1983-04;8.63;
USA;STINT;TOT;PC_PA;M;1983-05;8.49;
USA;STINT;TOT;PC_PA;M;1983-06;9.2;
USA;STINT;TOT;PC_PA;M;1983-07;9.5;
USA;STINT;TOT;PC_PA;M;1983-08;9.77;
USA;STINT;TOT;PC_PA;M;1983-09;9.39;
USA;STINT;TOT;PC_PA;M;1983-10;9.18;
USA;STINT;TOT;PC_PA;M;1983-11;9.36;
USA;STINT;TOT;PC_PA;M;1983-12;9.69;
USA;STINT;TOT;PC_PA;M;1984-01;9.42;
USA;STINT;TOT;PC_PA;M;1984-02;9.54;
USA;STINT;TOT;PC_PA;M;1984-03;10.08;
USA;STINT;TOT;PC_PA;M;1984-04;10.41;
USA;STINT;TOT;PC_PA;M;1984-05;11.11;
USA;STINT;TOT;PC_PA;M;1984-06;11.34;
USA;STINT;TOT;PC_PA;M;1984-07;11.56;
USA;STINT;TOT;PC_PA;M;1984-08;11.47;
USA;STINT;TOT;PC_PA;M;1984-09;11.29;
USA;STINT;TOT;PC_PA;M;1984-10;10.38;
USA;STINT;TOT;PC_PA;M;1984-11;9.18;
USA;STINT;TOT;PC_PA;M;1984-12;8.6;
USA;STINT;TOT;PC_PA;M;1985-01;8.14;
USA;STINT;TOT;PC_PA;M;1985-02;8.69;
USA;STINT;TOT;PC_PA;M;1985-03;9.02;
USA;STINT;TOT;PC_PA;M;1985-04;8.49;
USA;STINT;TOT;PC_PA;M;1985-05;7.92;
USA;STINT;TOT;PC_PA;M;1985-06;7.44;
USA;STINT;TOT;PC_PA;M;1985-07;7.64;
USA;STINT;TOT;PC_PA;M;1985-08;7.81;
USA;STINT;TOT;PC_PA;M;1985-09;7.93;
USA;STINT;TOT;PC_PA;M;1985-10;7.88;
USA;STINT;TOT;PC_PA;M;1985-11;7.81;
USA;STINT;TOT;PC_PA;M;1985-12;7.8;
USA;STINT;TOT;PC_PA;M;1986-01;7.82;
USA;STINT;TOT;PC_PA;M;1986-02;7.69;
USA;STINT;TOT;PC_PA;M;1986-03;7.24;
USA;STINT;TOT;PC_PA;M;1986-04;6.6;
USA;STINT;TOT;PC_PA;M;1986-05;6.65;
USA;STINT;TOT;PC_PA;M;1986-06;6.73;
USA;STINT;TOT;PC_PA;M;1986-07;6.37;
USA;STINT;TOT;PC_PA;M;1986-08;5.92;
USA;STINT;TOT;PC_PA;M;1986-09;5.71;
USA;STINT;TOT;PC_PA;M;1986-10;5.69;
USA;STINT;TOT;PC_PA;M;1986-11;5.76;
USA;STINT;TOT;PC_PA;M;1986-12;6.04;
USA;STINT;TOT;PC_PA;M;1987-01;5.87;
USA;STINT;TOT;PC_PA;M;1987-02;6.1;
USA;STINT;TOT;PC_PA;M;1987-03;6.17;
USA;STINT;TOT;PC_PA;M;1987-04;6.52;
USA;STINT;TOT;PC_PA;M;1987-05;6.99;
USA;STINT;TOT;PC_PA;M;1987-06;6.94;
USA;STINT;TOT;PC_PA;M;1987-07;6.7;
USA;STINT;TOT;PC_PA;M;1987-08;6.75;
USA;STINT;TOT;PC_PA;M;1987-09;7.37;
USA;STINT;TOT;PC_PA;M;1987-10;8.02;
USA;STINT;TOT;PC_PA;M;1987-11;7.24;
USA;STINT;TOT;PC_PA;M;1987-12;7.66;
USA;STINT;TOT;PC_PA;M;1988-01;6.92;
USA;STINT;TOT;PC_PA;M;1988-02;6.6;
USA;STINT;TOT;PC_PA;M;1988-03;6.63;
USA;STINT;TOT;PC_PA;M;1988-04;6.92;
USA;STINT;TOT;PC_PA;M;1988-05;7.24;
USA;STINT;TOT;PC_PA;M;1988-06;7.51;
USA;STINT;TOT;PC_PA;M;1988-07;7.94;
USA;STINT;TOT;PC_PA;M;1988-08;8.35;
USA;STINT;TOT;PC_PA;M;1988-09;8.23;
USA;STINT;TOT;PC_PA;M;1988-10;8.36;
USA;STINT;TOT;PC_PA;M;1988-11;8.78;
USA;STINT;TOT;PC_PA;M;1988-12;9.25;
USA;STINT;TOT;PC_PA;M;1989-01;9.2;
USA;STINT;TOT;PC_PA;M;1989-02;9.51;
USA;STINT;TOT;PC_PA;M;1989-03;10.09;
USA;STINT;TOT;PC_PA;M;1989-04;9.94;
USA;STINT;TOT;PC_PA;M;1989-05;9.59;
USA;STINT;TOT;PC_PA;M;1989-06;9.2;
USA;STINT;TOT;PC_PA;M;1989-07;8.76;
USA;STINT;TOT;PC_PA;M;1989-08;8.64;
USA;STINT;TOT;PC_PA;M;1989-09;8.78;
USA;STINT;TOT;PC_PA;M;1989-10;8.6;
USA;STINT;TOT;PC_PA;M;1989-11;8.39;
USA;STINT;TOT;PC_PA;M;1989-12;8.32;
USA;STINT;TOT;PC_PA;M;1990-01;8.16;
USA;STINT;TOT;PC_PA;M;1990-02;8.22;
USA;STINT;TOT;PC_PA;M;1990-03;8.35;
USA;STINT;TOT;PC_PA;M;1990-04;8.42;
USA;STINT;TOT;PC_PA;M;1990-05;8.35;
USA;STINT;TOT;PC_PA;M;1990-06;8.23;
USA;STINT;TOT;PC_PA;M;1990-07;8.1;
USA;STINT;TOT;PC_PA;M;1990-08;7.97;
USA;STINT;TOT;PC_PA;M;1990-09;8.06;
USA;STINT;TOT;PC_PA;M;1990-10;8.06;
USA;STINT;TOT;PC_PA;M;1990-11;8.03;
USA;STINT;TOT;PC_PA;M;1990-12;7.82;
USA;STINT;TOT;PC_PA;M;1991-01;7.17;
USA;STINT;TOT;PC_PA;M;1991-02;6.52;
USA;STINT;TOT;PC_PA;M;1991-03;6.45;
USA;STINT;TOT;PC_PA;M;1991-04;6.06;
USA;STINT;TOT;PC_PA;M;1991-05;5.91;
USA;STINT;TOT;PC_PA;M;1991-06;6.07;
USA;STINT;TOT;PC_PA;M;1991-07;5.98;
USA;STINT;TOT;PC_PA;M;1991-08;5.65;
USA;STINT;TOT;PC_PA;M;1991-09;5.47;
USA;STINT;TOT;PC_PA;M;1991-10;5.33;
USA;STINT;TOT;PC_PA;M;1991-11;4.94;
USA;STINT;TOT;PC_PA;M;1991-12;4.47;
USA;STINT;TOT;PC_PA;M;1992-01;4.05;
USA;STINT;TOT;PC_PA;M;1992-02;4.07;
USA;STINT;TOT;PC_PA;M;1992-03;4.25;
USA;STINT;TOT;PC_PA;M;1992-04;4;
USA;STINT;TOT;PC_PA;M;1992-05;3.82;
USA;STINT;TOT;PC_PA;M;1992-06;3.86;
USA;STINT;TOT;PC_PA;M;1992-07;3.37;
USA;STINT;TOT;PC_PA;M;1992-08;3.31;
USA;STINT;TOT;PC_PA;M;1992-09;3.13;
USA;STINT;TOT;PC_PA;M;1992-10;3.26;
USA;STINT;TOT;PC_PA;M;1992-11;3.58;
USA;STINT;TOT;PC_PA;M;1992-12;3.48;
USA;STINT;TOT;PC_PA;M;1993-01;3.19;
USA;STINT;TOT;PC_PA;M;1993-02;3.12;
USA;STINT;TOT;PC_PA;M;1993-03;3.11;
USA;STINT;TOT;PC_PA;M;1993-04;3.09;
USA;STINT;TOT;PC_PA;M;1993-05;3.1;
USA;STINT;TOT;PC_PA;M;1993-06;3.21;
USA;STINT;TOT;PC_PA;M;1993-07;3.16;
USA;STINT;TOT;PC_PA;M;1993-08;3.14;
USA;STINT;TOT;PC_PA;M;1993-09;3.12;
USA;STINT;TOT;PC_PA;M;1993-10;3.24;
USA;STINT;TOT;PC_PA;M;1993-11;3.35;
USA;STINT;TOT;PC_PA;M;1993-12;3.26;
USA;STINT;TOT;PC_PA;M;1994-01;3.15;
USA;STINT;TOT;PC_PA;M;1994-02;3.43;
USA;STINT;TOT;PC_PA;M;1994-03;3.77;
USA;STINT;TOT;PC_PA;M;1994-04;4.01;
USA;STINT;TOT;PC_PA;M;1994-05;4.51;
USA;STINT;TOT;PC_PA;M;1994-06;4.52;
USA;STINT;TOT;PC_PA;M;1994-07;4.73;
USA;STINT;TOT;PC_PA;M;1994-08;4.81;
USA;STINT;TOT;PC_PA;M;1994-09;5.03;
USA;STINT;TOT;PC_PA;M;1994-10;5.51;
USA;STINT;TOT;PC_PA;M;1994-11;5.79;
USA;STINT;TOT;PC_PA;M;1994-12;6.29;
USA;STINT;TOT;PC_PA;M;1995-01;6.24;
USA;STINT;TOT;PC_PA;M;1995-02;6.16;
USA;STINT;TOT;PC_PA;M;1995-03;6.15;
USA;STINT;TOT;PC_PA;M;1995-04;6.11;
USA;STINT;TOT;PC_PA;M;1995-05;6.02;
USA;STINT;TOT;PC_PA;M;1995-06;5.9;
USA;STINT;TOT;PC_PA;M;1995-07;5.77;
USA;STINT;TOT;PC_PA;M;1995-08;5.77;
USA;STINT;TOT;PC_PA;M;1995-09;5.73;
USA;STINT;TOT;PC_PA;M;1995-10;5.79;
USA;STINT;TOT;PC_PA;M;1995-11;5.74;
USA;STINT;TOT;PC_PA;M;1995-12;5.62;
USA;STINT;TOT;PC_PA;M;1996-01;5.39;
USA;STINT;TOT;PC_PA;M;1996-02;5.15;
USA;STINT;TOT;PC_PA;M;1996-03;5.29;
USA;STINT;TOT;PC_PA;M;1996-04;5.36;
USA;STINT;TOT;PC_PA;M;1996-05;5.36;
USA;STINT;TOT;PC_PA;M;1996-06;5.46;
USA;STINT;TOT;PC_PA;M;1996-07;5.53;
USA;STINT;TOT;PC_PA;M;1996-08;5.4;
USA;STINT;TOT;PC_PA;M;1996-09;5.51;
USA;STINT;TOT;PC_PA;M;1996-10;5.41;
USA;STINT;TOT;PC_PA;M;1996-11;5.38;
USA;STINT;TOT;PC_PA;M;1996-12;5.44;
USA;STINT;TOT;PC_PA;M;1997-01;5.43;
USA;STINT;TOT;PC_PA;M;1997-02;5.37;
USA;STINT;TOT;PC_PA;M;1997-03;5.53;
USA;STINT;TOT;PC_PA;M;1997-04;5.71;
USA;STINT;TOT;PC_PA;M;1997-05;5.7;
USA;STINT;TOT;PC_PA;M;1997-06;5.66;
USA;STINT;TOT;PC_PA;M;1997-07;5.6;
USA;STINT;TOT;PC_PA;M;1997-08;5.6;
USA;STINT;TOT;PC_PA;M;1997-09;5.6;
USA;STINT;TOT;PC_PA;M;1997-10;5.65;
USA;STINT;TOT;PC_PA;M;1997-11;5.74;
USA;STINT;TOT;PC_PA;M;1997-12;5.8;
USA;STINT;TOT;PC_PA;M;1998-01;5.54;
USA;STINT;TOT;PC_PA;M;1998-02;5.54;
USA;STINT;TOT;PC_PA;M;1998-03;5.58;
USA;STINT;TOT;PC_PA;M;1998-04;5.58;
USA;STINT;TOT;PC_PA;M;1998-05;5.59;
USA;STINT;TOT;PC_PA;M;1998-06;5.6;
USA;STINT;TOT;PC_PA;M;1998-07;5.59;
USA;STINT;TOT;PC_PA;M;1998-08;5.58;
USA;STINT;TOT;PC_PA;M;1998-09;5.41;
USA;STINT;TOT;PC_PA;M;1998-10;5.21;
USA;STINT;TOT;PC_PA;M;1998-11;5.24;
USA;STINT;TOT;PC_PA;M;1998-12;5.14;
USA;STINT;TOT;PC_PA;M;1999-01;4.89;
USA;STINT;TOT;PC_PA;M;1999-02;4.9;
USA;STINT;TOT;PC_PA;M;1999-03;4.91;
USA;STINT;TOT;PC_PA;M;1999-04;4.88;
USA;STINT;TOT;PC_PA;M;1999-05;4.92;
USA;STINT;TOT;PC_PA;M;1999-06;5.13;
USA;STINT;TOT;PC_PA;M;1999-07;5.24;
USA;STINT;TOT;PC_PA;M;1999-08;5.41;
USA;STINT;TOT;PC_PA;M;1999-09;5.5;
USA;STINT;TOT;PC_PA;M;1999-10;6.13;
USA;STINT;TOT;PC_PA;M;1999-11;6;
USA;STINT;TOT;PC_PA;M;1999-12;6.05;
USA;STINT;TOT;PC_PA;M;2000-01;5.95;
USA;STINT;TOT;PC_PA;M;2000-02;6.01;
USA;STINT;TOT;PC_PA;M;2000-03;6.14;
USA;STINT;TOT;PC_PA;M;2000-04;6.28;
USA;STINT;TOT;PC_PA;M;2000-05;6.71;
USA;STINT;TOT;PC_PA;M;2000-06;6.73;
USA;STINT;TOT;PC_PA;M;2000-07;6.67;
USA;STINT;TOT;PC_PA;M;2000-08;6.61;
USA;STINT;TOT;PC_PA;M;2000-09;6.6;
USA;STINT;TOT;PC_PA;M;2000-10;6.67;
USA;STINT;TOT;PC_PA;M;2000-11;6.65;
USA;STINT;TOT;PC_PA;M;2000-12;6.45;
USA;STINT;TOT;PC_PA;M;2001-01;5.62;
USA;STINT;TOT;PC_PA;M;2001-02;5.26;
USA;STINT;TOT;PC_PA;M;2001-03;4.89;
USA;STINT;TOT;PC_PA;M;2001-04;4.53;
USA;STINT;TOT;PC_PA;M;2001-05;4.02;
USA;STINT;TOT;PC_PA;M;2001-06;3.74;
USA;STINT;TOT;PC_PA;M;2001-07;3.66;
USA;STINT;TOT;PC_PA;M;2001-08;3.48;
USA;STINT;TOT;PC_PA;M;2001-09;2.87;
USA;STINT;TOT;PC_PA;M;2001-10;2.31;
USA;STINT;TOT;PC_PA;M;2001-11;2.03;
USA;STINT;TOT;PC_PA;M;2001-12;1.83;
USA;STINT;TOT;PC_PA;M;2002-01;1.74;
USA;STINT;TOT;PC_PA;M;2002-02;1.82;
USA;STINT;TOT;PC_PA;M;2002-03;1.91;
USA;STINT;TOT;PC_PA;M;2002-04;1.87;
USA;STINT;TOT;PC_PA;M;2002-05;1.82;
USA;STINT;TOT;PC_PA;M;2002-06;1.81;
USA;STINT;TOT;PC_PA;M;2002-07;1.79;
USA;STINT;TOT;PC_PA;M;2002-08;1.73;
USA;STINT;TOT;PC_PA;M;2002-09;1.76;
USA;STINT;TOT;PC_PA;M;2002-10;1.73;
USA;STINT;TOT;PC_PA;M;2002-11;1.39;
USA;STINT;TOT;PC_PA;M;2002-12;1.34;
USA;STINT;TOT;PC_PA;M;2003-01;1.29;
USA;STINT;TOT;PC_PA;M;2003-02;1.27;
USA;STINT;TOT;PC_PA;M;2003-03;1.23;
USA;STINT;TOT;PC_PA;M;2003-04;1.24;
USA;STINT;TOT;PC_PA;M;2003-05;1.22;
USA;STINT;TOT;PC_PA;M;2003-06;1.04;
USA;STINT;TOT;PC_PA;M;2003-07;1.05;
USA;STINT;TOT;PC_PA;M;2003-08;1.08;
USA;STINT;TOT;PC_PA;M;2003-09;1.08;
USA;STINT;TOT;PC_PA;M;2003-10;1.1;
USA;STINT;TOT;PC_PA;M;2003-11;1.11;
USA;STINT;TOT;PC_PA;M;2003-12;1.1;
USA;STINT;TOT;PC_PA;M;2004-01;1.06;
USA;STINT;TOT;PC_PA;M;2004-02;1.05;
USA;STINT;TOT;PC_PA;M;2004-03;1.05;
USA;STINT;TOT;PC_PA;M;2004-04;1.08;
USA;STINT;TOT;PC_PA;M;2004-05;1.2;
USA;STINT;TOT;PC_PA;M;2004-06;1.46;
USA;STINT;TOT;PC_PA;M;2004-07;1.57;
USA;STINT;TOT;PC_PA;M;2004-08;1.68;
USA;STINT;TOT;PC_PA;M;2004-09;1.86;
USA;STINT;TOT;PC_PA;M;2004-10;2.04;
USA;STINT;TOT;PC_PA;M;2004-11;2.26;
USA;STINT;TOT;PC_PA;M;2004-12;2.45;
USA;STINT;TOT;PC_PA;M;2005-01;2.61;
USA;STINT;TOT;PC_PA;M;2005-02;2.77;
USA;STINT;TOT;PC_PA;M;2005-03;2.97;
USA;STINT;TOT;PC_PA;M;2005-04;3.09;
USA;STINT;TOT;PC_PA;M;2005-05;3.22;
USA;STINT;TOT;PC_PA;M;2005-06;3.38;
USA;STINT;TOT;PC_PA;M;2005-07;3.57;
USA;STINT;TOT;PC_PA;M;2005-08;3.77;
USA;STINT;TOT;PC_PA;M;2005-09;3.87;
USA;STINT;TOT;PC_PA;M;2005-10;4.13;
USA;STINT;TOT;PC_PA;M;2005-11;4.31;
USA;STINT;TOT;PC_PA;M;2005-12;4.45;
USA;STINT;TOT;PC_PA;M;2006-01;4.56;
USA;STINT;TOT;PC_PA;M;2006-02;4.72;
USA;STINT;TOT;PC_PA;M;2006-03;4.88;
USA;STINT;TOT;PC_PA;M;2006-04;5.03;
USA;STINT;TOT;PC_PA;M;2006-05;5.15;
USA;STINT;TOT;PC_PA;M;2006-06;5.35;
USA;STINT;TOT;PC_PA;M;2006-07;5.46;
USA;STINT;TOT;PC_PA;M;2006-08;5.38;
USA;STINT;TOT;PC_PA;M;2006-09;5.34;
USA;STINT;TOT;PC_PA;M;2006-10;5.33;
USA;STINT;TOT;PC_PA;M;2006-11;5.32;
USA;STINT;TOT;PC_PA;M;2006-12;5.32;
USA;STINT;TOT;PC_PA;M;2007-01;5.32;
USA;STINT;TOT;PC_PA;M;2007-02;5.31;
USA;STINT;TOT;PC_PA;M;2007-03;5.3;
USA;STINT;TOT;PC_PA;M;2007-04;5.31;
USA;STINT;TOT;PC_PA;M;2007-05;5.31;
USA;STINT;TOT;PC_PA;M;2007-06;5.33;
USA;STINT;TOT;PC_PA;M;2007-07;5.32;
USA;STINT;TOT;PC_PA;M;2007-08;5.49;
USA;STINT;TOT;PC_PA;M;2007-09;5.46;
USA;STINT;TOT;PC_PA;M;2007-10;5.08;
USA;STINT;TOT;PC_PA;M;2007-11;4.97;
USA;STINT;TOT;PC_PA;M;2007-12;5.02;
USA;STINT;TOT;PC_PA;M;2008-01;3.84;
USA;STINT;TOT;PC_PA;M;2008-02;3.06;
USA;STINT;TOT;PC_PA;M;2008-03;2.79;
USA;STINT;TOT;PC_PA;M;2008-04;2.85;
USA;STINT;TOT;PC_PA;M;2008-05;2.66;
USA;STINT;TOT;PC_PA;M;2008-06;2.76;
USA;STINT;TOT;PC_PA;M;2008-07;2.79;
USA;STINT;TOT;PC_PA;M;2008-08;2.79;
USA;STINT;TOT;PC_PA;M;2008-09;3.59;
USA;STINT;TOT;PC_PA;M;2008-10;4.32;
USA;STINT;TOT;PC_PA;M;2008-11;2.36;
USA;STINT;TOT;PC_PA;M;2008-12;1.77;
USA;STINT;TOT;PC_PA;M;2009-01;1.02;
USA;STINT;TOT;PC_PA;M;2009-02;1.16;
USA;STINT;TOT;PC_PA;M;2009-03;1.07;
USA;STINT;TOT;PC_PA;M;2009-04;0.89;
USA;STINT;TOT;PC_PA;M;2009-05;0.57;
USA;STINT;TOT;PC_PA;M;2009-06;0.39;
USA;STINT;TOT;PC_PA;M;2009-07;0.35;
USA;STINT;TOT;PC_PA;M;2009-08;0.3;
USA;STINT;TOT;PC_PA;M;2009-09;0.25;
USA;STINT;TOT;PC_PA;M;2009-10;0.24;
USA;STINT;TOT;PC_PA;M;2009-11;0.21;
USA;STINT;TOT;PC_PA;M;2009-12;0.22;
USA;STINT;TOT;PC_PA;M;2010-01;0.2;
USA;STINT;TOT;PC_PA;M;2010-02;0.19;
USA;STINT;TOT;PC_PA;M;2010-03;0.23;
USA;STINT;TOT;PC_PA;M;2010-04;0.3;
USA;STINT;TOT;PC_PA;M;2010-05;0.45;
USA;STINT;TOT;PC_PA;M;2010-06;0.52;
USA;STINT;TOT;PC_PA;M;2010-07;0.41;
USA;STINT;TOT;PC_PA;M;2010-08;0.32;
USA;STINT;TOT;PC_PA;M;2010-09;0.28;
USA;STINT;TOT;PC_PA;M;2010-10;0.27;
USA;STINT;TOT;PC_PA;M;2010-11;0.27;
USA;STINT;TOT;PC_PA;M;2010-12;0.3;
USA;STINT;TOT;PC_PA;M;2011-01;0.29;
USA;STINT;TOT;PC_PA;M;2011-02;0.28;
USA;STINT;TOT;PC_PA;M;2011-03;0.28;
USA;STINT;TOT;PC_PA;M;2011-04;0.23;
USA;STINT;TOT;PC_PA;M;2011-05;0.21;
USA;STINT;TOT;PC_PA;M;2011-06;0.22;
USA;STINT;TOT;PC_PA;M;2011-07;0.24;
USA;STINT;TOT;PC_PA;M;2011-08;0.29;
USA;STINT;TOT;PC_PA;M;2011-09;0.33;
USA;STINT;TOT;PC_PA;M;2011-10;0.37;
USA;STINT;TOT;PC_PA;M;2011-11;0.41;
USA;STINT;TOT;PC_PA;M;2011-12;0.49;
USA;STINT;TOT;PC_PA;M;2012-01;0.4;
USA;STINT;TOT;PC_PA;M;2012-02;0.3;
USA;STINT;TOT;PC_PA;M;2012-03;0.29;
USA;STINT;TOT;PC_PA;M;2012-04;0.29;
USA;STINT;TOT;PC_PA;M;2012-05;0.29;
USA;STINT;TOT;PC_PA;M;2012-06;0.32;
USA;STINT;TOT;PC_PA;M;2012-07;0.3;
USA;STINT;TOT;PC_PA;M;2012-08;0.26;
USA;STINT;TOT;PC_PA;M;2012-09;0.24;
USA;STINT;TOT;PC_PA;M;2012-10;0.23;
USA;STINT;TOT;PC_PA;M;2012-11;0.23;
USA;STINT;TOT;PC_PA;M;2012-12;0.24;
USA;STINT;TOT;PC_PA;M;2013-01;0.23;
USA;STINT;TOT;PC_PA;M;2013-02;0.22;
USA;STINT;TOT;PC_PA;M;2013-03;0.21;
USA;STINT;TOT;PC_PA;M;2013-04;0.2;
USA;STINT;TOT;PC_PA;M;2013-05;0.2;
USA;STINT;TOT;PC_PA;M;2013-06;0.19;
USA;STINT;TOT;PC_PA;M;2013-07;0.14;
USA;STINT;TOT;PC_PA;M;2013-08;0.12;
USA;STINT;TOT;PC_PA;M;2013-09;0.11;
USA;STINT;TOT;PC_PA;M;2013-10;0.12;
USA;STINT;TOT;PC_PA;M;2013-11;0.12;
USA;STINT;TOT;PC_PA;M;2013-12;0.14;
USA;STINT;TOT;PC_PA;M;2014-01;0.12;
USA;STINT;TOT;PC_PA;M;2014-02;0.13;
USA;STINT;TOT;PC_PA;M;2014-03;0.12;
USA;STINT;TOT;PC_PA;M;2014-04;0.12;
USA;STINT;TOT;PC_PA;M;2014-05;0.11;
USA;STINT;TOT;PC_PA;M;2014-06;0.11;
USA;STINT;TOT;PC_PA;M;2014-07;0.13;
USA;STINT;TOT;PC_PA;M;2014-08;0.13;
USA;STINT;TOT;PC_PA;M;2014-09;0.12;
USA;STINT;TOT;PC_PA;M;2014-10;0.12;
USA;STINT;TOT;PC_PA;M;2014-11;0.13;
USA;STINT;TOT;PC_PA;M;2014-12;0.15;
USA;STINT;TOT;PC_PA;M;2015-01;0.16;
USA;STINT;TOT;PC_PA;M;2015-02;0.15;
USA;STINT;TOT;PC_PA;M;2015-03;0.14;
USA;STINT;TOT;PC_PA;M;2015-04;0.13;
USA;STINT;TOT;PC_PA;M;2015-05;0.15;
USA;STINT;TOT;PC_PA;M;2015-06;0.18;
USA;STINT;TOT;PC_PA;M;2015-07;0.19;
USA;STINT;TOT;PC_PA;M;2015-08;0.26;
USA;STINT;TOT;PC_PA;M;2015-09;0.27;
USA;STINT;TOT;PC_PA;M;2015-10;0.25;
USA;STINT;TOT;PC_PA;M;2015-11;0.3;
USA;STINT;TOT;PC_PA;M;2015-12;0.54;
USA;STINT;TOT;PC_PA;M;2016-01;0.57;
USA;STINT;TOT;PC_PA;M;2016-02;0.54;
USA;STINT;TOT;PC_PA;M;2016-03;0.55;
USA;STINT;TOT;PC_PA;M;2016-04;0.55;
USA;STINT;TOT;PC_PA;M;2016-05;0.57;
USA;STINT;TOT;PC_PA;M;2016-06;0.55;
USA;STINT;TOT;PC_PA;M;2016-07;0.62;
USA;STINT;TOT;PC_PA;M;2016-08;0.73;
USA;STINT;TOT;PC_PA;M;2016-09;0.75;
USA;STINT;TOT;PC_PA;M;2016-10;0.72;
USA;STINT;TOT;PC_PA;M;2016-11;0.71;
USA;STINT;TOT;PC_PA;M;2016-12;0.87;
USA;STINT;TOT;PC_PA;M;2017-01;0.9;
USA;STINT;TOT;PC_PA;M;2017-02;0.87;
USA;STINT;TOT;PC_PA;M;2017-03;0.98;
USA;STINT;TOT;PC_PA;M;2017-04;1.03;
USA;STINT;TOT;PC_PA;M;2017-05;1.05;
USA;STINT;TOT;PC_PA;M;2017-06;1.16;
USA;STINT;TOT;PC_PA;M;2017-07;1.22;
USA;STINT;TOT;PC_PA;M;2017-08;1.25;
USA;STINT;TOT;PC_PA;M;2017-09;1.25;
USA;STINT;TOT;PC_PA;M;2017-10;1.26;
USA;STINT;TOT;PC_PA;M;2017-11;1.32;
USA;STINT;TOT;PC_PA;M;2017-12;1.54;
USA;STINT;TOT;PC_PA;M;2018-01;1.63;
USA;STINT;TOT;PC_PA;M;2018-02;1.78;
USA;STINT;TOT;PC_PA;M;2018-03;2.08;
USA;STINT;TOT;PC_PA;M;2018-04;2.2;
USA;STINT;TOT;PC_PA;M;2018-05;2.16;
USA;STINT;TOT;PC_PA;M;2018-06;2.19;
USA;STINT;TOT;PC_PA;M;2018-07;2.17;
USA;STINT;TOT;PC_PA;M;2018-08;2.19;
USA;STINT;TOT;PC_PA;M;2018-09;2.24;
USA;STINT;TOT;PC_PA;M;2018-10;2.37;
USA;STINT;TOT;PC_PA;M;2018-11;2.56;
USA;STINT;TOT;PC_PA;M;2018-12;2.69;
USA;STINT;TOT;PC_PA;M;2019-01;2.59;
USA;STINT;TOT;PC_PA;M;2019-02;2.49;
USA;STINT;TOT;PC_PA;M;2019-03;2.48;
USA;STINT;TOT;PC_PA;M;2019-04;2.47;
USA;STINT;TOT;PC_PA;M;2019-05;2.44;
USA;STINT;TOT;PC_PA;M;2019-06;2.3;
USA;STINT;TOT;PC_PA;M;2019-07;2.22;
USA;STINT;TOT;PC_PA;M;2019-08;2.06;
USA;STINT;TOT;PC_PA;M;2019-09;2.03;
USA;STINT;TOT;PC_PA;M;2019-10;1.88;
USA;STINT;TOT;PC_PA;M;2019-11;1.77;
USA;STINT;TOT;PC_PA;M;2019-12;1.76;
USA;STINT;TOT;PC_PA;M;2020-01;1.65;
